,SocialBias,Criminal_Unethical,Insults_SensitiveTopics,PrivacyLeaks,Misleading,ScenarioEmbedding_Persuasion,MinorityLanguage,PromptLeakage,LLMRewriting,ReverseExposure
PrivacyLeaks,2.369858901269615,2.369858901269615,2.369858901269615,2.369858901269615,2.369858901269615,2.369858901269615,2.369858901269615,2.369858901269615,2.369858901269615,2.369858901269615
Misleading,3.926740640920175,3.926740640920175,3.926740640920175,3.926740640920175,3.926740640920175,3.926740640920175,3.926740640920175,3.926740640920175,3.926740640920175,3.926740640920175
ScenarioEmbedding_Persuasion,2.6174219273590755,2.6174219273590755,2.6174219273590755,2.6174219273590755,2.6174219273590755,2.6174219273590755,2.6174219273590755,2.6174219273590755,2.6174219273590755,2.6174219273590755
MinorityLanguage,1.9495603790168747,1.9495603790168747,1.9495603790168747,1.9495603790168747,1.9495603790168747,1.9495603790168747,1.9495603790168747,1.9495603790168747,1.9495603790168747,1.9495603790168747
