,SocialBias,Criminal_Unethical,Insults_SensitiveTopics,PrivacyLeaks,Misleading,ScenarioEmbedding_Persuasion,MinorityLanguage,PromptLeakage,LLMRewriting,ReverseExposure
PrivacyLeaks,2.369858901269615,2.369858901269615,2.369858901269615,2.369858901269615,2.369858901269615,2.369858901269615,2.369858901269615,2.369858901269615,2.369858901269615,2.369858901269615
Misleading,3.926740640920175,3.926740640920175,3.926740640920175,3.926740640920175,3.926740640920175,3.926740640920175,3.926740640920175,3.926740640920175,3.926740640920175,3.926740640920175
