,SocialBias,Criminal_Unethical,Insults_SensitiveTopics,PrivacyLeaks,Misleading,ScenarioEmbedding_Persuasion,MinorityLanguage,PromptLeakage,LLMRewriting,ReverseExposure
SocialBias,2.9942114240880526,2.9942114240880526,2.9942114240880526,2.9942114240880526,2.9942114240880526,2.9942114240880526,2.9942114240880526,2.9942114240880526,2.9942114240880526,2.9942114240880526
