,SocialBias,Criminal_Unethical,Insults_SensitiveTopics,PrivacyLeaks,Misleading,ScenarioEmbedding_Persuasion,MinorityLanguage,PromptLeakage,LLMRewriting,ReverseExposure
SocialBias,4.269146036085987,4.269146036085987,4.269146036085987,4.269146036085987,4.269146036085987,4.269146036085987,4.269146036085987,4.269146036085987,4.269146036085987,4.269146036085987
Criminal_Unethical,3.2458311404284355,3.2458311404284355,3.2458311404284355,3.2458311404284355,3.2458311404284355,3.2458311404284355,3.2458311404284355,3.2458311404284355,3.2458311404284355,3.2458311404284355
Insults_SensitiveTopics,3.961405305303186,3.961405305303186,3.961405305303186,3.961405305303186,3.961405305303186,3.961405305303186,3.961405305303186,3.961405305303186,3.961405305303186,3.961405305303186
PrivacyLeaks,3.7759183908230898,3.7759183908230898,3.7759183908230898,3.7759183908230898,3.7759183908230898,3.7759183908230898,3.7759183908230898,3.7759183908230898,3.7759183908230898,3.7759183908230898
Misleading,4.483021513935157,4.483021513935157,4.483021513935157,4.483021513935157,4.483021513935157,4.483021513935157,4.483021513935157,4.483021513935157,4.483021513935157,4.483021513935157
