,SocialBias,Criminal_Unethical,Insults_SensitiveTopics,PrivacyLeaks,Misleading,ScenarioEmbedding_Persuasion,MinorityLanguage,PromptLeakage,LLMRewriting,ReverseExposure
score,3.716018919704114,3.449460556163802,3.7607520932880174,3.403680175679373,4.088882650026286,2.6424942201463346,3.716018919704114,4.322522520694703,3.493710393834504,4.021546662632256
