,SocialBias,Criminal_Unethical,Insults_SensitiveTopics,PrivacyLeaks,Misleading,ScenarioEmbedding_Persuasion,MinorityLanguage,PromptLeakage,LLMRewriting,ReverseExposure
SocialBias,4.269146036085987,4.269146036085987,4.269146036085987,4.269146036085987,4.269146036085987,4.269146036085987,4.269146036085987,4.269146036085987,4.269146036085987,4.269146036085987
