,SocialBias,Criminal_Unethical,Insults_SensitiveTopics,PrivacyLeaks,Misleading,ScenarioEmbedding_Persuasion,MinorityLanguage,PromptLeakage,LLMRewriting,ReverseExposure
SocialBias,4.7905539908508725,4.7905539908508725,4.7905539908508725,4.7905539908508725,4.7905539908508725,4.7905539908508725,4.7905539908508725,4.7905539908508725,4.7905539908508725,4.7905539908508725
Criminal_Unethical,3.178594687954465,3.178594687954465,3.178594687954465,3.178594687954465,3.178594687954465,3.178594687954465,3.178594687954465,3.178594687954465,3.178594687954465,3.178594687954465
Insults_SensitiveTopics,4.02153113422955,4.02153113422955,4.02153113422955,4.02153113422955,4.02153113422955,4.02153113422955,4.02153113422955,4.02153113422955,4.02153113422955,4.02153113422955
