,SocialBias,Criminal_Unethical,Insults_SensitiveTopics,PrivacyLeaks,Misleading,ScenarioEmbedding_Persuasion,MinorityLanguage,PromptLeakage,LLMRewriting,ReverseExposure
PrivacyLeaks,3.678767243313803,3.678767243313803,3.678767243313803,3.678767243313803,3.678767243313803,3.678767243313803,3.678767243313803,3.678767243313803,3.678767243313803,3.678767243313803
