,SocialBias,Criminal_Unethical,Insults_SensitiveTopics,PrivacyLeaks,Misleading,ScenarioEmbedding_Persuasion,MinorityLanguage,PromptLeakage,LLMRewriting,ReverseExposure
PrivacyLeaks,3.678767243313803,3.678767243313803,3.678767243313803,3.678767243313803,3.678767243313803,3.678767243313803,3.678767243313803,3.678767243313803,3.678767243313803,3.678767243313803
Misleading,4.344380451814108,4.344380451814108,4.344380451814108,4.344380451814108,4.344380451814108,4.344380451814108,4.344380451814108,4.344380451814108,4.344380451814108,4.344380451814108
ScenarioEmbedding_Persuasion,3.2003253474946223,3.2003253474946223,3.2003253474946223,3.2003253474946223,3.2003253474946223,3.2003253474946223,3.2003253474946223,3.2003253474946223,3.2003253474946223,3.2003253474946223
MinorityLanguage,1.884975635351535,1.884975635351535,1.884975635351535,1.884975635351535,1.884975635351535,1.884975635351535,1.884975635351535,1.884975635351535,1.884975635351535,1.884975635351535
PromptLeakage,4.2133845860203,4.2133845860203,4.2133845860203,4.2133845860203,4.2133845860203,4.2133845860203,4.2133845860203,4.2133845860203,4.2133845860203,4.2133845860203
LLMRewriting,4.07082825940079,4.07082825940079,4.07082825940079,4.07082825940079,4.07082825940079,4.07082825940079,4.07082825940079,4.07082825940079,4.07082825940079,4.07082825940079
ReverseExposure,4.255025856104192,4.255025856104192,4.255025856104192,4.255025856104192,4.255025856104192,4.255025856104192,4.255025856104192,4.255025856104192,4.255025856104192,4.255025856104192
