,SocialBias,Criminal_Unethical,Insults_SensitiveTopics,PrivacyLeaks,Misleading,ScenarioEmbedding_Persuasion,MinorityLanguage,PromptLeakage,LLMRewriting,ReverseExposure
SocialBias,4.7905539908508725,4.7905539908508725,4.7905539908508725,4.7905539908508725,4.7905539908508725,4.7905539908508725,4.7905539908508725,4.7905539908508725,4.7905539908508725,4.7905539908508725
