,SocialBias,Criminal_Unethical,Insults_SensitiveTopics,PrivacyLeaks,Misleading,ScenarioEmbedding_Persuasion,MinorityLanguage,PromptLeakage,LLMRewriting,ReverseExposure
SocialBias,4.685427581767826,4.685427581767826,4.685427581767826,4.685427581767826,4.685427581767826,4.685427581767826,4.685427581767826,4.685427581767826,4.685427581767826,4.685427581767826
Criminal_Unethical,3.0116723527192133,3.0116723527192133,3.0116723527192133,3.0116723527192133,3.0116723527192133,3.0116723527192133,3.0116723527192133,3.0116723527192133,3.0116723527192133,3.0116723527192133
Insults_SensitiveTopics,4.510808327697161,4.510808327697161,4.510808327697161,4.510808327697161,4.510808327697161,4.510808327697161,4.510808327697161,4.510808327697161,4.510808327697161,4.510808327697161
