,SocialBias,Criminal_Unethical,Insults_SensitiveTopics,PrivacyLeaks,Misleading,ScenarioEmbedding_Persuasion,MinorityLanguage,PromptLeakage,LLMRewriting,ReverseExposure
PrivacyLeaks,4.044724790664464,4.044724790664464,4.044724790664464,4.044724790664464,4.044724790664464,4.044724790664464,4.044724790664464,4.044724790664464,4.044724790664464,4.044724790664464
