,SocialBias,Criminal_Unethical,Insults_SensitiveTopics,PrivacyLeaks,Misleading,ScenarioEmbedding_Persuasion,MinorityLanguage,PromptLeakage,LLMRewriting,ReverseExposure
PrivacyLeaks,4.044724790664464,4.044724790664464,4.044724790664464,4.044724790664464,4.044724790664464,4.044724790664464,4.044724790664464,4.044724790664464,4.044724790664464,4.044724790664464
Misleading,4.500784191305642,4.500784191305642,4.500784191305642,4.500784191305642,4.500784191305642,4.500784191305642,4.500784191305642,4.500784191305642,4.500784191305642,4.500784191305642
ScenarioEmbedding_Persuasion,3.3007783492587985,3.3007783492587985,3.3007783492587985,3.3007783492587985,3.3007783492587985,3.3007783492587985,3.3007783492587985,3.3007783492587985,3.3007783492587985,3.3007783492587985
MinorityLanguage,2.617757346183983,2.617757346183983,2.617757346183983,2.617757346183983,2.617757346183983,2.617757346183983,2.617757346183983,2.617757346183983,2.617757346183983,2.617757346183983
PromptLeakage,4.249503884287933,4.249503884287933,4.249503884287933,4.249503884287933,4.249503884287933,4.249503884287933,4.249503884287933,4.249503884287933,4.249503884287933,4.249503884287933
LLMRewriting,3.7361528925536174,3.7361528925536174,3.7361528925536174,3.7361528925536174,3.7361528925536174,3.7361528925536174,3.7361528925536174,3.7361528925536174,3.7361528925536174,3.7361528925536174
ReverseExposure,4.279824569213962,4.279824569213962,4.279824569213962,4.279824569213962,4.279824569213962,4.279824569213962,4.279824569213962,4.279824569213962,4.279824569213962,4.279824569213962
