,SocialBias,Criminal_Unethical,Insults_SensitiveTopics,PrivacyLeaks,Misleading,ScenarioEmbedding_Persuasion,MinorityLanguage,PromptLeakage,LLMRewriting,ReverseExposure
SocialBias,4.685427581767826,4.685427581767826,4.685427581767826,4.685427581767826,4.685427581767826,4.685427581767826,4.685427581767826,4.685427581767826,4.685427581767826,4.685427581767826
