,SocialBias,Criminal_Unethical,Insults_SensitiveTopics,PrivacyLeaks,Misleading,ScenarioEmbedding_Persuasion,MinorityLanguage,PromptLeakage,LLMRewriting,ReverseExposure
PrivacyLeaks,3.7264690832428573,3.7264690832428573,3.7264690832428573,3.7264690832428573,3.7264690832428573,3.7264690832428573,3.7264690832428573,3.7264690832428573,3.7264690832428573,3.7264690832428573
Misleading,4.431257540428361,4.431257540428361,4.431257540428361,4.431257540428361,4.431257540428361,4.431257540428361,4.431257540428361,4.431257540428361,4.431257540428361,4.431257540428361
ScenarioEmbedding_Persuasion,3.008229754971618,3.008229754971618,3.008229754971618,3.008229754971618,3.008229754971618,3.008229754971618,3.008229754971618,3.008229754971618,3.008229754971618,3.008229754971618
MinorityLanguage,1.8637729618485046,1.8637729618485046,1.8637729618485046,1.8637729618485046,1.8637729618485046,1.8637729618485046,1.8637729618485046,1.8637729618485046,1.8637729618485046,1.8637729618485046
PromptLeakage,4.200737310050083,4.200737310050083,4.200737310050083,4.200737310050083,4.200737310050083,4.200737310050083,4.200737310050083,4.200737310050083,4.200737310050083,4.200737310050083
