,SocialBias,Criminal_Unethical,Insults_SensitiveTopics,PrivacyLeaks,Misleading,ScenarioEmbedding_Persuasion,MinorityLanguage,PromptLeakage,LLMRewriting,ReverseExposure
SocialBias,4.929943844919005,4.929943844919005,4.929943844919005,4.929943844919005,4.929943844919005,4.929943844919005,4.929943844919005,4.929943844919005,4.929943844919005,4.929943844919005
