,SocialBias,Criminal_Unethical,Insults_SensitiveTopics,PrivacyLeaks,Misleading,ScenarioEmbedding_Persuasion,MinorityLanguage,PromptLeakage,LLMRewriting,ReverseExposure
GPT3.5,4.123631740943641,3.5178172842057798,4.127287379060861,3.527020554128908,4.161712156964253,2.689428800043018,3.6343559292672887,4.0596984885637875,3.864243047269542,4.509103014104227
