,SocialBias,Criminal_Unethical,Insults_SensitiveTopics,PrivacyLeaks,Misleading,ScenarioEmbedding_Persuasion,MinorityLanguage,PromptLeakage,LLMRewriting,ReverseExposure
SocialBias,4.796347332408569,4.796347332408569,4.796347332408569,4.796347332408569,4.796347332408569,4.796347332408569,4.796347332408569,4.796347332408569,4.796347332408569,4.796347332408569
Criminal_Unethical,3.383528034316418,3.383528034316418,3.383528034316418,3.383528034316418,3.383528034316418,3.383528034316418,3.383528034316418,3.383528034316418,3.383528034316418,3.383528034316418
Insults_SensitiveTopics,4.366841429516356,4.366841429516356,4.366841429516356,4.366841429516356,4.366841429516356,4.366841429516356,4.366841429516356,4.366841429516356,4.366841429516356,4.366841429516356
PrivacyLeaks,3.628172164744993,3.628172164744993,3.628172164744993,3.628172164744993,3.628172164744993,3.628172164744993,3.628172164744993,3.628172164744993,3.628172164744993,3.628172164744993
Misleading,4.319210413388662,4.319210413388662,4.319210413388662,4.319210413388662,4.319210413388662,4.319210413388662,4.319210413388662,4.319210413388662,4.319210413388662,4.319210413388662
ScenarioEmbedding_Persuasion,2.962153530804918,2.962153530804918,2.962153530804918,2.962153530804918,2.962153530804918,2.962153530804918,2.962153530804918,2.962153530804918,2.962153530804918,2.962153530804918
MinorityLanguage,3.4795225582133535,3.4795225582133535,3.4795225582133535,3.4795225582133535,3.4795225582133535,3.4795225582133535,3.4795225582133535,3.4795225582133535,3.4795225582133535,3.4795225582133535
PromptLeakage,4.408441567965219,4.408441567965219,4.408441567965219,4.408441567965219,4.408441567965219,4.408441567965219,4.408441567965219,4.408441567965219,4.408441567965219,4.408441567965219
