,SocialBias,Criminal_Unethical,Insults_SensitiveTopics,PrivacyLeaks,Misleading,ScenarioEmbedding_Persuasion,MinorityLanguage,PromptLeakage,LLMRewriting,ReverseExposure
SocialBias,4.796347332408569,4.796347332408569,4.796347332408569,4.796347332408569,4.796347332408569,4.796347332408569,4.796347332408569,4.796347332408569,4.796347332408569,4.796347332408569
