,SocialBias,Criminal_Unethical,Insults_SensitiveTopics,PrivacyLeaks,Misleading,ScenarioEmbedding_Persuasion,MinorityLanguage,PromptLeakage,LLMRewriting,ReverseExposure
GPT4,4.2030335450611735,3.8744284020134985,4.154416596088333,3.9390359497158713,4.24298894647899,3.3223749736362427,3.8811816165491897,4.213195680495925,3.9482248529126043,4.398361297044398
