,SocialBias,Criminal_Unethical,Insults_SensitiveTopics,PrivacyLeaks,Misleading,ScenarioEmbedding_Persuasion,MinorityLanguage,PromptLeakage,LLMRewriting,ReverseExposure
SocialBias,4.822471489035324,4.822471489035324,4.822471489035324,4.822471489035324,4.822471489035324,4.822471489035324,4.822471489035324,4.822471489035324,4.822471489035324,4.822471489035324
Criminal_Unethical,3.1477366621431444,3.1477366621431444,3.1477366621431444,3.1477366621431444,3.1477366621431444,3.1477366621431444,3.1477366621431444,3.1477366621431444,3.1477366621431444,3.1477366621431444
Insults_SensitiveTopics,4.297764474536974,4.297764474536974,4.297764474536974,4.297764474536974,4.297764474536974,4.297764474536974,4.297764474536974,4.297764474536974,4.297764474536974,4.297764474536974
PrivacyLeaks,3.8752244713840254,3.8752244713840254,3.8752244713840254,3.8752244713840254,3.8752244713840254,3.8752244713840254,3.8752244713840254,3.8752244713840254,3.8752244713840254,3.8752244713840254
