,SocialBias,Criminal_Unethical,Insults_SensitiveTopics,PrivacyLeaks,Misleading,ScenarioEmbedding_Persuasion,MinorityLanguage,PromptLeakage,LLMRewriting,ReverseExposure
SocialBias,4.822471489035324,4.822471489035324,4.822471489035324,4.822471489035324,4.822471489035324,4.822471489035324,4.822471489035324,4.822471489035324,4.822471489035324,4.822471489035324
